32045	Salón Fumadores	TE-09
32046	Salón Fumadores	TE-09
32047	Salón Fumadores	TE-09
32048	Salón Fumadores	TE-09
32049	Salón Fumadores	TE-09
32050	Salón Fumadores	TE-09
32051	Salón Fumadores	TE-09
32052	Salón Fumadores	TE-09
32053	Salón General	BANCO 12
32054	Salón General	BANCO 12
32055	Salón General	BANCO 12
32056	Salón General	BANCO 12
32057	Salón General	BANCO 12
32058	Salón General	BANCO 12
32059	Salón General	BANCO 12
32060	Salón General	BANCO 12
32061	Salón Fumadores	TE-01
32062	Salón Fumadores	TE-01
32063	Salón Fumadores	TE-01
32064	Salón Fumadores	TE-01
32065	Salón General	BANCO 21
32066	Salón General	BANCO 21
32067	Salón General	BANCO 21
32068	Salón General	BANCO 21
32069	Salón General	BANCO 22
32070	Salón General	BANCO 22
32071	Salón General	BANCO 22
32072	Salón General	BANCO 18
32073	Salón General	BANCO 18
32074	Salón General	BANCO 18
32075	Salón General	BANCO 18
32076	Salón General	BANCO 18
32077	Salón General	BANCO 18
32078	Salón General	BANCO 18
32079	Salón General	BANCO 18
32080	Salón General	BANCO 22
32119	Salón General	BANCO 19
32120	Salón General	BANCO 19
32121	Salón General	BANCO 20
32122	Salón General	BANCO 20
32127	Salón General	BANCO 02
32128	Salón General	BANCO 02
32129	Salón General	BANCO 02
32130	Salón General	BANCO 02
32131	Salón General	BANCO 02
32132	Salón General	BANCO 02
32133	Salón General	BANCO 02
32134	Salón General	BANCO 02
32135	Salón General	BANCO 02
32136	Salón General	BANCO 02
32137	Salón General	BANCO 02
32138	Salón General	BANCO 02
32149	Salón General	BANCO 20
32150	Salón General	BANCO 20
32153	Salón General	BANCO 19
32154	Salón General	BANCO 19
32225	Salón General	BANCO 08
32226	Salón General	BANCO 08
32227	Salón General	BANCO 07
32228	Salón Fumadores	TE-09
32229	Salón Fumadores	TE-07
32230	Salón Fumadores	TE-05
32235	Salón Fumadores	TE-05
32236	Salón Fumadores	TE-05
32237	Salón Fumadores	TE-05
32238	Salón Fumadores	TE-07
32239	Salón Preferencial Fumadores	TVP-05
32240	Salón Preferencial Fumadores	TVP-05
32241	Salón Preferencial Fumadores	TVP-05
32242	Salón Preferencial Fumadores	TVP-05
32243	Salón Fumadores	TE-06
32244	Salón Fumadores	TE-06
32245	Salón Fumadores	TE-06
32246	Salón General	BANCO 13
32247	Salón General	BANCO 13
32248	Salón Fumadores	TE-06
32249	Salón General	BANCO 13
32250	Salón General	BANCO 13
32257	Salón General	BANCO 03
32258	Salón General	BANCO 03
32259	Salón General	BANCO 03
32260	Salón General	BANCO 03
32261	Salón General	BANCO 03
32262	Salón General	BANCO 03
32263	Salón General	BANCO 03
32264	Salón General	BANCO 03
32265	Salón Fumadores	TE-03
32266	Salón Fumadores	TE-03
32267	Salón Fumadores	TE-04
32268	Salón Fumadores	TE-04
32269	Salón Fumadores	TE-04
32270	Salón Fumadores	TE-04
32271	Salón General	BANCO 06
32272	Salón General	BANCO 06
32273	Salón General	BANCO 06
32274	Salón General	BANCO 06
32275	Salón General	BANCO 06
32276	Salón General	BANCO 06
32287	Salón Fumadores	TE-03
32288	Salón Fumadores	TE-03
32289	Salón General	BANCO 10
32290	Salón General	BANCO 10
32291	Salón Preferencial Fumadores	TVP-03
32292	Salón Preferencial Fumadores	TVP-03
32293	Salón General	BANCO 10
32294	Salón General	BANCO 10
32295	Salón Preferencial Fumadores	TVP-08
32296	Salón Preferencial Fumadores	TVP-08
32297	Salón Preferencial Fumadores	TVP-08
32298	Salón Preferencial Fumadores	TVP-08
32299	Salón Preferencial Fumadores	TVP-07
32300	Salón Preferencial Fumadores	TVP-07
32301	Salón Preferencial Fumadores	TVP-07
32302	Salón Preferencial Fumadores	TVP-07
32303	Salón Preferencial Fumadores	TVP-09
32304	Salón Preferencial Fumadores	TVP-09
32305	Salón Preferencial Fumadores	TVP-09
32306	Salón Preferencial Fumadores	TVP-09
32307	Salón Fumadores	TE-02
32308	Salón Fumadores	TE-02
32309	Salón Fumadores	TE-02
32310	Salón Fumadores	TE-02
32311	Salón General	BANCO 15
32312	Salón General	BANCO 15
32313	Salón General	BANCO 15
32314	Salón General	BANCO 15
32315	Salón General	BANCO 15
32316	Salón General	BANCO 15
32317	Salón General	BANCO 15
32318	Salón General	BANCO 15
32369	Salón Preferencial Fumadores	TVP-06
32370	Salón Fumadores	TE-08
32371	Salón Fumadores	TE-08
32372	Salón General	BANCO 13
32373	Salón General	BANCO 13
32374	Salón Preferencial Fumadores	TVP-06
32375	Salón Fumadores	TE-08
32376	Salón Preferencial Fumadores	TVP-06
32377	Salón General	BANCO 13
32378	Salón General	BANCO 13
32379	Salón Preferencial Fumadores	TVP-06
32380	Salón Fumadores	TE-08
32381	Salón General	BANCO 11
32382	Salón General	BANCO 11
32383	Salón General	BANCO 11
32384	Salón General	BANCO 11
32385	Salón General	BANCO 11
32386	Salón General	BANCO 11
32387	Salón General	BANCO 11
32388	Salón General	BANCO 11
32389	Salón Preferencial Fumadores	TVP-04
32390	Salón Preferencial Fumadores	TVP-04
32391	Salón Preferencial Fumadores	TVP-04
32392	Salón Preferencial Fumadores	TVP-04
32393	Salón Preferencial Fumadores	TVP-03
32394	Salón Preferencial Fumadores	TVP-03
32395	Salón General	BANCO 08
32396	Salón General	BANCO 08
32397	Salón General	BANCO 05
32398	Salón General	BANCO 05
32399	Salón General	BANCO 05
32400	Salón General	BANCO 05
32401	Salón General	BANCO 14
32402	Salón General	BANCO 14
32403	Salón General	BANCO 14
32404	Salón General	BANCO 14
32405	Salón General	BANCO 14
32406	Salón General	BANCO 14
32407	Salón General	BANCO 14
32408	Salón General	BANCO 14
32421	Salón General	BANCO 07
32422	Salón General	BANCO 07
32423	Salón General	BANCO 09
32424	Salón General	BANCO 09
32425	Salón General	BANCO 09
32426	Salón Fumadores	TE-10
32427	Salón Fumadores	TE-10
32428	Salón Fumadores	TE-11
32429	Salón Fumadores	TE-11
32430	Salón Fumadores	TE-12
32431	Salón Fumadores	TE-12
32432	Salón General	BANCO 01
32433	Salón General	BANCO 01
32434	Salón General	BANCO 01
32435	Salón General	BANCO 01
32436	Salón General	BANCO 01
32437	Salón General	BANCO 01
32438	Salón General	BANCO 01
32439	Salón General	BANCO 01
32440	Salón General	BANCO 07
32441	Salón General	BANCO 07
32442	Salón General	BANCO 16
32443	Salón General	BANCO 04
32444	Salón General	BANCO 04
32445	Salón General	BANCO 04
32446	Salón General	BANCO 08
32447	Salón General	BANCO 08
32448	Salón General	Banco 17
32449	Salón General	Banco 17
32450	Salón General	Banco 17
32451	Salón General	Banco 17
32452	Salón General	Banco 17
32453	Salón General	Banco 17
32454	Salón General	Banco 17
32455	Salón General	Banco 17
32456	Salón General	BANCO 07
32457	Salón General	BANCO 16
32458	Salón Preferencial Fumadores	TVP-02
32459	Salón Preferencial Fumadores	TVP-02
32460	Salón Preferencial Fumadores	TVP-02
32461	Salón Preferencial Fumadores	TVP-02
32462	Salón Preferencial Fumadores	TVP-01
32463	Salón Preferencial Fumadores	TVP-01

